{
  "iterations": 7,
  "accuracy_history": {
    "overall": [
      0.2701641054049344,
      0.5627713074042928,
      0.7274264196373903,
      0.6522765133104853,
      0.7780412015265864,
      0.7178799663116554,
      0.5329742530291104
    ],
    "bullish": [
      0.3192962635151196,
      0.9562515023033541,
      0.8904212299505704,
      0.7934594793288542,
      0.9604871875704507,
      0.5501099251304754,
      0.7104423257210404
    ],
    "bearish": [
      0.32483076703120367,
      0.5963135945011792,
      0.6627708833348499,
      0.41786794897702473,
      0.8676346070782722,
      0.8337536726666211,
      0.30401933860518204
    ],
    "sideways": [
      0.089937851004528,
      0.25180480691741425,
      0.8384126916343373,
      0.5277716685521016,
      0.5248644282768146,
      0.6230128667841107,
      0.6882127386741915
    ],
    "volatile": [
      0.3465915400688863,
      0.4467153258952236,
      0.5181008736298035,
      0.870006956383961,
      0.7591785831808081,
      0.8646434006654143,
      0.4292226091160276
    ]
  },
  "param_history": [
    {
      "bullish": {
        "trend": 0.007874593530946375,
        "volatility": 0.01645491665098518,
        "mean_reversion": 0.2
      },
      "bearish": {
        "trend": -0.003011139476700743,
        "volatility": 0.028075084094030246,
        "mean_reversion": 0.15
      },
      "sideways": {
        "trend": 0.0005582354381774216,
        "volatility": 0.012207159345319586,
        "mean_reversion": 0.7
      },
      "volatile": {
        "trend": 0.0010736083162375541,
        "volatility": 0.04146340325980788,
        "mean_reversion": 0.1
      }
    },
    {
      "bullish": {
        "trend": 0.008145224002632019,
        "volatility": 0.016638460731385214,
        "mean_reversion": 0.2
      },
      "bearish": {
        "trend": -0.0031803978339786303,
        "volatility": 0.026234483049709108,
        "mean_reversion": 0.15
      },
      "sideways": {
        "trend": 0.0006809679892829679,
        "volatility": 0.013743106512565079,
        "mean_reversion": 0.7
      },
      "volatile": {
        "trend": 0.001142296943707614,
        "volatility": 0.046750443279683376,
        "mean_reversion": 0.1
      }
    },
    {
      "bullish": {
        "trend": 0.007834194765326648,
        "volatility": 0.016659440628474752,
        "mean_reversion": 0.2
      },
      "bearish": {
        "trend": -0.003528060863287029,
        "volatility": 0.022996828010022938,
        "mean_reversion": 0.15
      },
      "sideways": {
        "trend": 0.0006796310289640741,
        "volatility": 0.013298075250381017,
        "mean_reversion": 0.7
      },
      "volatile": {
        "trend": 0.0009505900241567484,
        "volatility": 0.0454111707939601,
        "mean_reversion": 0.1
      }
    },
    {
      "bullish": {
        "trend": 0.008371166959089023,
        "volatility": 0.01777223269556942,
        "mean_reversion": 0.2
      },
      "bearish": {
        "trend": -0.002927220563927508,
        "volatility": 0.025371769937637834,
        "mean_reversion": 0.15
      },
      "sideways": {
        "trend": 0.0006320852598165012,
        "volatility": 0.011762096277428085,
        "mean_reversion": 0.7
      },
      "volatile": {
        "trend": 0.0009080490943241008,
        "volatility": 0.04526606974148906,
        "mean_reversion": 0.1
      }
    },
    {
      "bullish": {
        "trend": 0.008432958371160695,
        "volatility": 0.017903225541375148,
        "mean_reversion": 0.2
      },
      "bearish": {
        "trend": -0.002970546115444335,
        "volatility": 0.02441765928798048,
        "mean_reversion": 0.15
      },
      "sideways": {
        "trend": 0.00021395149089982533,
        "volatility": 0.012146709675012865,
        "mean_reversion": 0.7566999999999999
      },
      "volatile": {
        "trend": 0.0009333042985634169,
        "volatility": 0.046952903102706,
        "mean_reversion": 0.1
      }
    },
    {
      "bullish": {
        "trend": 0.009966031335425271,
        "volatility": 0.018925446546525348,
        "mean_reversion": 0.2
      },
      "bearish": {
        "trend": -0.003142729133934742,
        "volatility": 0.022937401170615723,
        "mean_reversion": 0.15
      },
      "sideways": {
        "trend": 0.00019397940518469625,
        "volatility": 0.01139931814378221,
        "mean_reversion": 0.7623184974999999
      },
      "volatile": {
        "trend": 0.0009615640642995819,
        "volatility": 0.04711146902681776,
        "mean_reversion": 0.1
      }
    },
    {
      "bullish": {
        "trend": 0.00893119831234829,
        "volatility": 0.019022326741357183,
        "mean_reversion": 0.2
      },
      "bearish": {
        "trend": -0.0021177198315996335,
        "volatility": 0.025571640914299757,
        "mean_reversion": 0.15
      },
      "sideways": {
        "trend": 0.00018467963543935417,
        "volatility": 0.010250124932253933,
        "mean_reversion": 0.7628330624858124
      },
      "volatile": {
        "trend": 0.0009089418400253166,
        "volatility": 0.04298884940686083,
        "mean_reversion": 0.1
      }
    }
  ],
  "expected_perf": [
    {
      "bullish": {
        "return": 39.57123022429416,
        "max_drawdown": 2.9745981481649566,
        "sharpe": 1.9366675955956087
      },
      "bearish": {
        "return": -3.512948871269217,
        "max_drawdown": 4.953030530720103,
        "sharpe": -0.9828279054618477
      },
      "sideways": {
        "return": -4.672870273788121,
        "max_drawdown": 4.815439254485562,
        "sharpe": -0.7212730518306402
      },
      "volatile": {
        "return": -16.416041646366462,
        "max_drawdown": 16.416041646366466,
        "sharpe": -1.8446235417885708
      }
    },
    {
      "bullish": {
        "return": 117.62869979434231,
        "max_drawdown": 5.436092394211598,
        "sharpe": 2.618362574847618
      },
      "bearish": {
        "return": -32.23442224773502,
        "max_drawdown": 32.77533428905802,
        "sharpe": -2.405580021026139
      },
      "sideways": {
        "return": -3.9234453654252155,
        "max_drawdown": 8.215136213142497,
        "sharpe": -0.17761438473034502
      },
      "volatile": {
        "return": -28.4088886542038,
        "max_drawdown": 29.839962361543126,
        "sharpe": -1.081979990599155
      }
    },
    {
      "bullish": {
        "return": 192.08455201145975,
        "max_drawdown": 8.63210707314703,
        "sharpe": 2.8029104796285393
      },
      "bearish": {
        "return": -26.667981580020882,
        "max_drawdown": 27.923446260842294,
        "sharpe": -1.8175629841315188
      },
      "sideways": {
        "return": -15.176854454733624,
        "max_drawdown": 16.44163734761683,
        "sharpe": -0.5085460024977588
      },
      "volatile": {
        "return": -10.842579222995042,
        "max_drawdown": 37.335478613285396,
        "sharpe": 0.027624942775841738
      }
    },
    {
      "bullish": {
        "return": 161.57202168006518,
        "max_drawdown": 5.8998889297992605,
        "sharpe": 2.6443042134067465
      },
      "bearish": {
        "return": -14.385082292173212,
        "max_drawdown": 17.662295432732684,
        "sharpe": -1.2008370170147145
      },
      "sideways": {
        "return": -15.241636810832171,
        "max_drawdown": 17.071082090285014,
        "sharpe": -0.5918749838226994
      },
      "volatile": {
        "return": -27.2664476061105,
        "max_drawdown": 34.22187075195578,
        "sharpe": -0.3392829897342604
      }
    },
    {
      "bullish": {
        "return": 190.81308450717174,
        "max_drawdown": 7.4384855320074355,
        "sharpe": 2.9757601400416145
      },
      "bearish": {
        "return": -15.49774486878669,
        "max_drawdown": 16.219142361340054,
        "sharpe": -1.185456355794413
      },